Date,Actual_Close,Pred_LSTM,Pred_XGBoost,Pred_Hybrid,Error_LSTM,Error_XGBoost,Error_Hybrid
2023-10-04,4067.29443359375,3872.3257,4134.1704,4133.008,194.96875,-66.8759765625,-65.71337890625
2023-10-05,4067.29443359375,3870.669,4134.605,4147.515,196.62548828125,-67.310546875,-80.220703125
2023-10-06,4027.996826171875,3858.7434,4128.6523,4134.8022,169.25341796875,-100.655517578125,-106.805419921875
2023-10-09,4067.29443359375,3847.768,4112.873,4105.011,219.5263671875,-45.57861328125,-37.716796875
2023-10-10,4126.24072265625,3832.0059,4108.4287,4104.7163,294.23486328125,17.81201171875,21.5244140625
2023-10-11,4165.5380859375,3824.5566,4103.0044,4110.719,340.9814453125,62.53369140625,54.81884765625
2023-10-12,4145.88916015625,3831.5786,4152.1235,4150.1304,314.310546875,-6.234375,-4.2412109375
2023-10-13,4126.24072265625,3853.347,4140.6255,4148.879,272.893798828125,-14.384765625,-22.63818359375
2023-10-16,4047.645263671875,3868.4272,4142.488,4142.5923,179.218017578125,-94.842529296875,-94.947021484375
2023-10-17,4047.645263671875,3877.6921,4102.944,4103.5625,169.953125,-55.298583984375,-55.917236328125
2023-10-18,3929.7529296875,3867.268,4111.458,4101.467,62.48486328125,-181.705078125,-171.7138671875
2023-10-19,3969.051025390625,3852.6501,4053.1025,4067.8835,116.40087890625,-84.051513671875,-98.83251953125
2023-10-20,3929.7529296875,3820.2905,4060.241,4079.0305,109.46240234375,-130.488037109375,-149.277587890625
2023-10-23,4008.347900390625,3797.0186,4041.385,4072.166,211.329345703125,-33.037109375,-63.818115234375
2023-10-24,4067.29443359375,3776.8274,4068.2117,4089.1926,290.467041015625,-0.917236328125,-21.898193359375
2023-10-25,3866.87646484375,3773.3435,4078.6738,4114.2646,93.532958984375,-211.79736328125,-247.38818359375
2023-10-26,3929.7529296875,3789.7603,4020.672,4062.861,139.99267578125,-90.919189453125,-133.108154296875
2023-10-27,3929.7529296875,3777.1487,4066.3376,4090.1633,152.604248046875,-136.584716796875,-160.410400390625
2023-10-30,3898.314697265625,3775.6516,4052.262,4091.787,122.6630859375,-153.947265625,-193.472412109375
2023-10-31,3796.141357421875,3777.319,4056.3967,4083.3035,18.822265625,-260.25537109375,-287.162109375
2023-11-01,3929.7529296875,3774.475,3952.223,3989.8105,155.27783203125,-22.469970703125,-60.0576171875
2023-11-02,4008.347900390625,3752.7646,3989.8167,4065.5063,255.583251953125,18.53125,-57.158447265625
2023-11-03,4086.94287109375,3754.8027,4049.028,4079.9211,332.14013671875,37.914794921875,7.021728515625
2023-11-06,4126.24072265625,3770.9404,4019.1042,4065.0442,355.30029296875,107.136474609375,61.196533203125
2023-11-07,4106.59130859375,3799.9019,4048.8145,4110.614,306.689453125,57.77685546875,-4.0224609375
2023-11-08,4086.94287109375,3832.2192,4068.077,4091.6882,254.7236328125,18.865966796875,-4.745361328125
2023-11-09,3988.699462890625,3854.9631,4089.9348,4123.016,133.736328125,-101.2353515625,-134.316650390625
2023-11-10,3949.4013671875,3868.7178,4038.957,4086.3037,80.68359375,-89.5556640625,-136.90234375
2023-11-13,3988.699462890625,3860.0068,4019.4963,4072.5383,128.692626953125,-30.796875,-83.8388671875
2023-11-14,4126.24072265625,3842.6018,4034.2556,4088.9397,283.638916015625,91.985107421875,37.301025390625
2023-11-15,4126.24072265625,3833.5308,4087.3376,4142.481,292.7099609375,38.903076171875,-16.240234375
2023-11-16,4106.59130859375,3847.7039,4075.1284,4134.568,258.887451171875,31.462890625,-27.9765625
2023-11-17,4126.24072265625,3863.4658,4056.9583,4092.8762,262.77490234375,69.282470703125,33.364501953125
2023-11-20,4086.94287109375,3874.1365,4112.0566,4134.661,212.806396484375,-25.11376953125,-47.71826171875
2023-11-21,4145.88916015625,3882.914,4119.926,4147.495,262.97509765625,25.96337890625,-1.60595703125
2023-11-22,4204.83544921875,3885.6692,4136.0913,4147.179,319.166259765625,68.744140625,57.65625
2023-11-23,4244.1328125,3890.6611,4197.0903,4177.6133,353.4716796875,47.04248046875,66.51953125
2023-11-24,4204.83544921875,3909.3682,4235.361,4222.6675,295.46728515625,-30.525390625,-17.83203125
2023-11-27,4204.83544921875,3934.1003,4202.282,4224.539,270.735107421875,2.55322265625,-19.70361328125
2023-11-28,4165.5380859375,3949.3044,4229.8745,4245.1724,216.233642578125,-64.33642578125,-79.63427734375
2023-11-29,4145.88916015625,3959.3977,4176.9775,4210.5415,186.491455078125,-31.08837890625,-64.65234375
2023-11-30,4204.83544921875,3961.3494,4172.452,4205.82,243.486083984375,32.38330078125,-0.984375
2023-12-01,4322.728515625,3959.53,4172.898,4216.447,363.198486328125,149.83056640625,106.28173828125
2023-12-04,4283.4306640625,3961.1758,4362.5244,4371.433,322.2548828125,-79.09375,-88.00244140625
2023-12-05,4263.7822265625,3981.9807,4319.617,4322.062,281.801513671875,-55.8349609375,-58.27978515625
2023-12-06,4303.0791015625,3993.93,4296.683,4302.0566,309.149169921875,6.39599609375,1.0224609375
2023-12-07,4224.484375,4001.4473,4297.663,4302.832,223.037109375,-73.1787109375,-78.34765625
2023-12-08,4165.5380859375,4009.3367,4259.5347,4266.8647,156.201416015625,-93.99658203125,-101.32666015625
2023-12-11,4185.1865234375,4005.4185,4199.1377,4215.48,179.76806640625,-13.951171875,-30.29345703125
2023-12-12,4165.5380859375,3991.675,4230.969,4247.934,173.863037109375,-65.43115234375,-82.39599609375
2023-12-13,4362.025390625,3984.7134,4173.8706,4209.603,377.31201171875,188.15478515625,152.42236328125
2023-12-14,4362.025390625,3974.4377,4341.94,4360.266,387.587646484375,20.08544921875,1.75927734375
2023-12-15,4322.728515625,3992.821,4394.5425,4408.431,329.907470703125,-71.81396484375,-85.70263671875
2023-12-18,4362.025390625,4016.9597,4394.939,4390.1553,345.065673828125,-32.91357421875,-28.1298828125
2023-12-19,4362.025390625,4030.753,4371.8867,4372.1304,331.2724609375,-9.861328125,-10.10498046875
2023-12-20,4381.673828125,4041.117,4403.3564,4402.1123,340.556884765625,-21.6826171875,-20.4384765625
2023-12-21,4460.27001953125,4052.9033,4400.0044,4402.2383,407.36669921875,60.265625,58.03173828125
2023-12-22,4420.9716796875,4062.1023,4408.836,4407.79,358.869384765625,12.1357421875,13.181640625
2023-12-27,4499.5673828125,4078.197,4424.719,4415.276,421.370361328125,74.84814453125,84.29150390625
2023-12-28,4499.5673828125,4087.5115,4424.456,4416.598,412.055908203125,75.111328125,82.96923828125
2023-12-29,4526.68798828125,4103.077,4423.0723,4415.7344,423.61083984375,103.61572265625,110.95361328125
2024-01-02,4466.86328125,4115.798,4425.5957,4421.321,351.0654296875,41.267578125,45.54248046875
2024-01-03,4546.62890625,4128.5317,4413.1787,4412.234,418.09716796875,133.4501953125,134.39501953125
2024-01-04,4586.51123046875,4128.8613,4402.2393,4401.905,457.64990234375,184.27197265625,184.6064453125
2024-01-05,4486.8046875,4132.2886,4411.44,4402.4453,354.51611328125,75.36474609375,84.359375
2024-01-08,4546.62890625,4141.907,4411.713,4414.904,404.7216796875,134.916015625,131.72509765625
2024-01-09,4546.62890625,4137.7935,4416.903,4414.2866,408.83544921875,129.72607421875,132.34228515625
2024-01-10,4586.51123046875,4140.583,4411.6064,4414.163,445.92822265625,174.90478515625,172.34814453125
2024-01-11,4666.27734375,4143.3633,4439.809,4431.333,522.9140625,226.46826171875,234.9443359375
2024-01-12,4646.33544921875,4152.635,4439.0703,4423.47,493.70068359375,207.26513671875,222.865234375
2024-01-15,4646.33544921875,4169.9243,4441.2266,4421.9717,476.4111328125,205.10888671875,224.36376953125
2024-01-16,4606.453125,4182.095,4437.0444,4429.017,424.35791015625,169.40869140625,177.43603515625
2024-01-17,4586.51123046875,4191.0664,4418.992,4422.1904,395.44482421875,167.51904296875,164.32080078125
2024-01-18,4626.39453125,4193.248,4415.2197,4419.573,433.146484375,211.1748046875,206.8212890625
2024-01-19,4606.453125,4190.557,4413.1064,4414.427,415.89599609375,193.3466796875,192.0263671875
2024-01-22,4546.62890625,4190.831,4412.669,4414.6846,355.7978515625,133.9599609375,131.9443359375
2024-01-23,4506.74560546875,4189.132,4426.5938,4415.44,317.61376953125,80.15185546875,91.3056640625
2024-01-24,4407.0390625,4178.969,4422.222,4413.647,228.06982421875,-15.18310546875,-6.60791015625
2024-01-25,4327.27392578125,4163.93,4409.5396,4396.6836,163.34375,-82.265625,-69.40966796875
2024-01-26,4446.921875,4139.951,4354.7236,4335.647,306.970703125,92.1982421875,111.27490234375
2024-01-29,4486.8046875,4110.6904,4376.4556,4373.1147,376.1142578125,110.34912109375,113.68994140625
2024-01-30,4546.62890625,4097.676,4388.107,4393.3613,448.953125,158.52197265625,153.267578125
2024-01-31,4586.51123046875,4095.8828,4408.3535,4389.1274,490.62841796875,178.15771484375,197.3837890625
2024-02-01,4666.27734375,4113.279,4408.9194,4389.4414,552.99853515625,257.35791015625,276.8359375
2024-02-02,4606.453125,4135.154,4426.773,4408.2925,471.29931640625,179.68017578125,198.16064453125
2024-02-05,4646.33544921875,4159.596,4425.906,4407.615,486.7392578125,220.4296875,238.72021484375
2024-02-06,4666.27734375,4170.6636,4425.9995,4390.268,495.61376953125,240.27783203125,276.00927734375
2024-02-07,4805.8662109375,4183.189,4407.789,4390.6084,622.67724609375,398.0771484375,415.2578125
2024-02-12,4785.9248046875,4193.762,4398.2544,4368.1147,592.16259765625,387.67041015625,417.81005859375
2024-02-13,4885.63134765625,4209.406,4419.5977,4396.219,676.2255859375,466.03369140625,489.412109375
2024-02-15,4905.57275390625,4223.3774,4382.4243,4302.5605,682.1953125,523.1484375,603.01220703125
2024-02-16,4865.68994140625,4247.7197,4396.1675,4327.725,617.97021484375,469.5224609375,537.96484375
2024-02-19,5025.22119140625,4267.279,4381.7246,4327.39,757.9423828125,643.49658203125,697.8310546875
2024-02-20,5025.22119140625,4275.902,4374.675,4322.4814,749.3193359375,650.54638671875,702.73974609375
2024-02-21,4985.337890625,4293.103,4360.308,4322.1113,692.23486328125,625.02978515625,663.2265625
2024-02-22,4885.63134765625,4308.226,4366.2944,4327.4634,577.4052734375,519.3369140625,558.16796875
2024-02-23,4925.51416015625,4316.035,4370.57,4335.56,609.47900390625,554.9443359375,589.9541015625
2024-02-26,4885.63134765625,4308.9893,4376.7417,4321.84,576.64208984375,508.8896484375,563.79150390625
2024-02-27,4965.39697265625,4306.66,4377.0557,4326.8125,658.73681640625,588.34130859375,638.58447265625
2024-02-28,4885.63134765625,4304.323,4367.044,4325.7485,581.30810546875,518.58740234375,559.8828125
2024-02-29,4885.63134765625,4308.0566,4374.849,4330.964,577.57470703125,510.7822265625,554.66748046875
2024-03-01,4825.8076171875,4307.3564,4367.3384,4325.2866,518.451171875,458.46923828125,500.52099609375
2024-03-04,4885.63134765625,4306.5522,4370.691,4323.082,579.0791015625,514.9404296875,562.54931640625
2024-03-05,4945.45556640625,4301.2754,4378.0645,4330.906,644.18017578125,567.39111328125,614.5498046875
2024-03-06,4965.39697265625,4302.568,4363.2817,4326.5024,662.8291015625,602.115234375,638.89453125
2024-03-07,5065.103515625,4307.3613,4384.6807,4363.54,757.7421875,680.4228515625,701.5634765625
2024-03-08,5104.98681640625,4316.555,4387.187,4361.225,788.431640625,717.7998046875,743.76171875
2024-03-13,5092.5654296875,4331.355,4393.426,4360.821,761.21044921875,699.1396484375,731.74462890625
2024-03-14,4947.6552734375,4348.683,4373.4194,4303.039,598.97216796875,574.23583984375,644.6162109375
2024-03-15,4968.3564453125,4359.238,4373.7026,4301.78,609.11865234375,594.65380859375,666.57666015625
2024-03-18,4968.3564453125,4351.7393,4366.7886,4312.167,616.6171875,601.56787109375,656.189453125
2024-03-19,5051.162109375,4346.513,4374.6885,4316.5225,704.64892578125,676.4736328125,734.6396484375
2024-03-20,5051.162109375,4343.6626,4369.309,4318.756,707.49951171875,681.85302734375,732.40625
2024-03-21,5071.86376953125,4347.2925,4370.4634,4318.2954,724.5712890625,701.400390625,753.568359375
2024-03-22,5175.37109375,4353.7017,4371.651,4308.812,821.66943359375,803.72021484375,866.55908203125
2024-03-25,5216.7744140625,4357.9146,4373.7974,4319.4043,858.85986328125,842.97705078125,897.3701171875
2024-03-26,5175.37109375,4370.4536,4369.7734,4321.109,804.91748046875,805.59765625,854.26220703125
2024-03-27,5009.759765625,4384.755,4359.3296,4312.294,625.0048828125,650.43017578125,697.4658203125
2024-03-28,4906.25244140625,4391.325,4351.965,4283.736,514.92724609375,554.28759765625,622.5166015625
2024-04-01,4699.23779296875,4377.8843,4329.242,4292.2354,321.353515625,369.99560546875,407.00244140625
2024-04-02,4657.83447265625,4354.467,4311.699,4254.6562,303.36767578125,346.13525390625,403.17822265625
2024-04-03,4719.93896484375,4318.223,4333.331,4255.674,401.7158203125,386.60791015625,464.26513671875
2024-04-04,4678.53564453125,4285.4995,4335.7007,4274.245,393.0361328125,342.8349609375,404.29052734375
2024-04-05,4430.1181640625,4269.328,4335.0483,4277.4717,160.7900390625,95.06982421875,152.646484375
2024-04-16,4388.71533203125,4254.801,4311.301,4256.4336,133.91455078125,77.41455078125,132.28173828125
2024-04-17,4533.625,4218.6426,4324.549,4270.824,314.982421875,209.076171875,262.80078125
2024-04-18,4368.013671875,4184.7383,4319.1343,4269.2925,183.275390625,48.87939453125,98.72119140625
2024-04-19,4388.71533203125,4168.5913,4295.3013,4252.318,220.1240234375,93.4140625,136.3974609375
2024-04-22,4388.71533203125,4144.231,4287.9985,4252.52,244.484375,100.716796875,136.1953125
2024-04-23,4326.6103515625,4119.8545,4315.3657,4253.4883,206.755859375,11.24462890625,73.1220703125
2024-04-24,4264.50634765625,4103.2754,4289.998,4252.815,161.23095703125,-25.49169921875,11.69140625
2024-04-25,3999.52734375,4082.5488,4217.041,4207.8423,-83.021484375,-217.513671875,-208.31494140625
2024-04-26,3949.843505859375,4055.9785,4044.6702,4089.398,-106.135009765625,-94.82666015625,-139.554443359375
2024-04-29,4090.61376953125,4007.9124,4049.0776,4067.429,82.701416015625,41.5361328125,23.184814453125
2024-04-30,3941.563232421875,3953.5715,4046.8684,4079.3245,-12.00830078125,-105.30517578125,-137.76123046875
2024-05-02,3933.282470703125,3926.8904,3990.7805,4015.641,6.39208984375,-57.498046875,-82.358642578125
2024-05-03,3966.405029296875,3893.0032,4004.2861,4005.8474,73.40185546875,-37.881103515625,-39.4423828125
2024-05-06,3867.037353515625,3863.1,3999.3445,4024.8335,3.937255859375,-132.30712890625,-157.796142578125
2024-05-07,3875.318115234375,3843.165,4002.6755,4030.1729,32.153076171875,-127.357421875,-154.854736328125
2024-05-08,3875.318115234375,3814.8875,4009.1797,4016.601,60.4306640625,-133.861572265625,-141.282958984375
2024-05-13,3916.721435546875,3782.4614,4008.3914,4030.5757,134.260009765625,-91.669921875,-113.854248046875
2024-05-14,3991.246337890625,3757.4216,4007.9429,4015.9583,233.82470703125,-16.696533203125,-24.7119140625
2024-05-15,4007.80810546875,3743.9802,3973.5188,3999.32,263.827880859375,34.289306640625,8.488037109375
2024-05-16,4074.05224609375,3745.0938,3974.1904,4016.8887,328.95849609375,99.86181640625,57.16357421875
2024-05-17,3991.246337890625,3754.922,3990.842,4013.262,236.32421875,0.404296875,-22.015625
2024-05-20,3875.318115234375,3767.3452,4000.6665,4045.581,107.972900390625,-125.348388671875,-170.262939453125
2024-05-21,3908.440673828125,3769.2583,4011.2341,4023.231,139.182373046875,-102.79345703125,-114.790283203125
2024-05-22,3767.67041015625,3752.1196,4002.899,4027.4878,15.55078125,-235.228515625,-259.8173828125
2024-05-27,3751.10888671875,3737.5762,3952.5608,3947.5571,13.53271484375,-201.451904296875,-196.4482421875
2024-05-28,3651.742431640625,3708.3735,3912.164,3918.6074,-56.631103515625,-260.421630859375,-266.864990234375
2024-05-29,3626.900390625,3680.5754,3812.9873,3829.6455,-53.675048828125,-186.0869140625,-202.7451171875
2024-05-30,3593.778076171875,3645.1953,3812.9753,3810.8362,-51.417236328125,-219.197265625,-217.05810546875
2024-05-31,3751.10888671875,3606.0886,3740.798,3771.8867,145.020263671875,10.310791015625,-20.77783203125
2024-06-03,3684.864501953125,3574.881,3795.3584,3825.1223,109.9833984375,-110.493896484375,-140.2578125
2024-06-04,3643.46142578125,3576.1274,3788.333,3863.3962,67.333984375,-144.87158203125,-219.934814453125
2024-06-05,3726.26708984375,3578.6033,3799.6868,3826.072,147.663818359375,-73.419677734375,-99.804931640625
2024-06-06,3602.058837890625,3579.0364,3784.871,3817.7131,23.0224609375,-182.812255859375,-215.654296875
2024-06-07,3643.46142578125,3588.101,3703.2292,3737.304,55.3603515625,-59.767822265625,-93.842529296875
2024-06-10,3593.778076171875,3579.3235,3709.6772,3746.1072,14.45458984375,-115.899169921875,-152.3291015625
2024-06-11,3602.058837890625,3572.6433,3669.7656,3748.9255,29.41552734375,-67.706787109375,-146.86669921875
2024-06-12,3568.936279296875,3562.2754,3666.2651,3719.904,6.660888671875,-97.328857421875,-150.9677734375
2024-06-13,3461.28857421875,3554.5613,3657.5195,3719.512,-93.272705078125,-196.23095703125,-258.223388671875
2024-06-14,3395.043701171875,3541.6626,3604.845,3620.473,-146.618896484375,-209.80126953125,-225.42919921875
2024-06-19,3535.813720703125,3512.7732,3477.0588,3535.1482,23.04052734375,58.7548828125,0.66552734375
2024-06-20,3676.583984375,3472.2056,3608.129,3606.7036,204.37841796875,68.455078125,69.88037109375
2024-06-21,3643.46142578125,3460.074,3725.197,3749.9924,183.387451171875,-81.735595703125,-106.531005859375
2024-06-24,3626.900390625,3475.3694,3694.2573,3734.76,151.531005859375,-67.35693359375,-107.859619140625
2024-06-25,3618.619873046875,3503.864,3685.7766,3721.238,114.755859375,-67.15673828125,-102.6181640625
2024-06-26,3693.14501953125,3524.0703,3675.806,3688.616,169.07470703125,17.339111328125,4.529052734375
2024-06-27,3809.072998046875,3542.3406,3709.6392,3737.9138,266.732421875,99.433837890625,71.1591796875
2024-06-28,3833.91552734375,3563.7366,3720.7856,3786.5315,270.178955078125,113.1298828125,47.384033203125
2024-07-01,3784.231689453125,3606.762,3789.2764,3854.4487,177.4697265625,-5.044677734375,-70.217041015625
2024-07-02,3809.072998046875,3644.294,3766.0408,3775.7397,164.779052734375,43.0322265625,33.333251953125
2024-07-03,3966.405029296875,3669.9072,3740.605,3776.5945,296.497802734375,225.800048828125,189.810546875
2024-07-04,3974.685302734375,3688.3955,3803.3293,3828.8896,286.289794921875,171.35595703125,145.795654296875
2024-07-05,3933.282470703125,3717.117,3858.6677,3908.073,216.16552734375,74.61474609375,25.20947265625
2024-07-08,4032.6494140625,3748.9636,3881.5977,3930.437,283.685791015625,151.0517578125,102.21240234375
2024-07-09,4016.087890625,3768.3887,3951.9978,3981.6155,247.69921875,64.090087890625,34.472412109375
2024-07-10,4007.80810546875,3789.7107,4006.6538,4025.6577,218.097412109375,1.154296875,-17.849609375
2024-07-11,4057.4912109375,3810.5696,4000.7307,4018.3438,246.921630859375,56.760498046875,39.1474609375
2024-07-12,3991.246337890625,3828.016,4028.4277,4016.8853,163.230224609375,-37.181396484375,-25.638916015625
2024-07-15,3916.721435546875,3849.7002,4003.7112,4018.6519,67.021240234375,-86.98974609375,-101.930419921875
2024-07-16,3941.563232421875,3855.8923,4007.3142,4007.7258,85.6708984375,-65.7509765625,-66.16259765625
2024-07-17,4049.2109375,3848.654,4006.8643,4010.7996,200.556884765625,42.3466796875,38.411376953125
2024-07-18,4057.4912109375,3844.9983,4031.0525,4021.1377,212.492919921875,26.438720703125,36.353515625
2024-07-19,4065.77197265625,3851.364,4043.072,4021.3628,214.407958984375,22.699951171875,44.4091796875
2024-07-22,3966.405029296875,3864.0308,4080.2214,4064.2644,102.374267578125,-113.81640625,-97.859375
2024-07-23,3958.124267578125,3880.395,4036.9485,4060.6116,77.729248046875,-78.82421875,-102.4873046875
2024-07-24,3891.879638671875,3878.1296,4052.3064,4070.407,13.75,-160.4267578125,-178.52734375
2024-07-25,3941.563232421875,3874.1455,4018.076,4065.0295,67.417724609375,-76.5126953125,-123.46630859375
2024-07-26,3958.124267578125,3857.8857,4034.7104,4077.5671,100.238525390625,-76.586181640625,-119.44287109375
2024-07-29,3867.037353515625,3852.3813,4029.2622,4069.4087,14.656005859375,-162.224853515625,-202.371337890625
2024-07-30,3867.037353515625,3853.401,4026.0276,4070.4531,13.636474609375,-158.990234375,-203.415771484375
2024-07-31,3933.282470703125,3841.38,3996.8555,4070.9475,91.902587890625,-63.572998046875,-137.6650390625
2024-08-01,3900.159912109375,3828.8403,4011.843,4089.6921,71.319580078125,-111.68310546875,-189.5322265625
2024-08-02,3751.10888671875,3828.4612,4028.0762,4072.3833,-77.352294921875,-276.96728515625,-321.2744140625
2024-08-05,3809.072998046875,3824.3577,3912.7017,3906.442,-15.28466796875,-103.628662109375,-97.368896484375
2024-08-06,3825.634521484375,3796.148,3898.9583,3949.5208,29.486572265625,-73.32373046875,-123.88623046875
2024-08-07,3858.75732421875,3778.092,3991.2402,4029.07,80.665283203125,-132.48291015625,-170.312744140625
2024-08-08,3867.037353515625,3772.6768,3964.3247,4039.2947,94.360595703125,-97.287353515625,-172.25732421875
2024-08-09,3875.318115234375,3771.78,3934.0369,4029.4434,103.5380859375,-58.71875,-154.125244140625
2024-08-12,3908.440673828125,3778.067,3921.6316,3986.1519,130.373779296875,-13.19091796875,-77.711181640625
2024-08-13,3991.246337890625,3785.5532,3979.89,4051.106,205.693115234375,11.3564453125,-59.859619140625
2024-08-14,3999.52734375,3796.661,3991.0903,4062.534,202.866455078125,8.43701171875,-63.006591796875
2024-08-15,3999.52734375,3818.5493,3999.968,4062.778,180.97802734375,-0.440673828125,-63.250732421875
2024-08-16,3991.246337890625,3838.1003,4001.0403,4067.2908,153.14599609375,-9.7939453125,-76.04443359375
2024-08-19,4098.89404296875,3855.144,4016.1978,4084.9766,243.75,82.6962890625,13.91748046875
2024-08-20,4223.10302734375,3862.1614,4049.7937,4114.608,360.941650390625,173.309326171875,108.4951171875
2024-08-21,4181.70068359375,3879.672,4071.2556,4145.8047,302.028564453125,110.445068359375,35.89599609375
2024-08-22,4264.50634765625,3910.2468,4149.189,4177.863,354.259521484375,115.3173828125,86.6435546875
2024-08-23,4388.71533203125,3934.1118,4225.3057,4245.827,454.603515625,163.40966796875,142.88818359375
2024-08-26,4285.2080078125,3964.1921,4296.4023,4302.388,321.015869140625,-11.1943359375,-17.18017578125
2024-08-27,4264.50634765625,3998.9944,4249.3066,4265.6045,265.511962890625,15.19970703125,-1.09814453125
2024-08-28,4243.8046875,4008.9705,4237.962,4256.0625,234.834228515625,5.8427734375,-12.2578125
2024-08-29,4264.50634765625,4009.202,4233.6,4230.572,255.304443359375,30.90625,33.9345703125
2024-08-30,4285.2080078125,4009.316,4273.6855,4262.267,275.89208984375,11.5224609375,22.94091796875
2024-09-02,4285.2080078125,4014.9604,4284.3354,4282.7124,270.24755859375,0.87255859375,2.49560546875
2024-09-03,4223.10302734375,4021.627,4299.3984,4289.3877,201.47607421875,-76.29541015625,-66.28466796875
2024-09-04,4264.50634765625,4029.54,4219.3345,4235.249,234.96630859375,45.171875,29.25732421875
2024-09-05,4326.6103515625,4025.6238,4240.815,4263.459,300.986572265625,85.79541015625,63.1513671875
2024-09-06,4285.2080078125,4026.2534,4329.7676,4340.544,258.95458984375,-44.5595703125,-55.3359375
2024-09-09,4347.3125,4035.2441,4308.574,4298.378,312.068359375,38.73828125,48.9345703125
2024-09-10,4285.2080078125,4038.7388,4326.9204,4338.96,246.46923828125,-41.71240234375,-53.751953125
2024-09-11,4285.2080078125,4047.2776,4309.652,4310.9204,237.930419921875,-24.44384765625,-25.71240234375
2024-09-12,4388.71533203125,4047.1272,4319.8535,4313.149,341.588134765625,68.86181640625,75.56640625
2024-09-13,4388.71533203125,4048.3848,4366.4834,4354.563,340.33056640625,22.23193359375,34.15234375
2024-09-17,4430.1181640625,4059.4631,4397.6904,4388.8013,370.655029296875,32.427734375,41.31689453125
2024-09-18,4471.5205078125,4073.5176,4410.87,4416.4395,398.0029296875,60.650390625,55.0810546875
2024-09-19,4450.8193359375,4092.0747,4414.6587,4390.858,358.74462890625,36.16064453125,59.96142578125
2024-09-20,4554.3271484375,4113.236,4417.175,4395.964,441.09130859375,137.15234375,158.36328125
2024-09-23,4575.0283203125,4125.9375,4409.7256,4407.5566,449.0908203125,165.302734375,167.4716796875
2024-09-24,4409.41650390625,4138.9214,4422.6655,4417.303,270.4951171875,-13.2490234375,-7.88671875
2024-09-25,4181.70068359375,4157.63,4391.3525,4367.6904,24.07080078125,-209.65185546875,-185.98974609375
2024-09-26,4223.10302734375,4143.5254,4218.318,4213.9917,79.57763671875,4.78515625,9.111328125
2024-09-27,4098.89404296875,4106.024,4197.2104,4208.916,-7.1298828125,-98.31640625,-110.02197265625
2024-09-30,4202.40185546875,4075.7104,4129.4727,4156.862,126.69140625,72.92919921875,45.5400390625
2024-10-01,4090.61376953125,4045.0554,4147.308,4163.3867,45.558349609375,-56.6943359375,-72.77294921875
2024-10-02,4074.05224609375,4027.9358,4113.844,4131.4365,46.116455078125,-39.7919921875,-57.38427734375
2024-10-03,4024.369140625,4004.4636,4136.435,4148.1274,19.905517578125,-112.06591796875,-123.75830078125
2024-10-04,3991.246337890625,3985.1704,4132.8657,4146.3477,6.075927734375,-141.619384765625,-155.101318359375
2024-10-07,4140.29736328125,3965.1418,4103.315,4150.5254,175.155517578125,36.982421875,-10.22802734375
2024-10-08,4082.3330078125,3943.9766,4100.1465,4131.8345,138.3564453125,-17.8134765625,-49.50146484375
2024-10-09,4024.369140625,3934.728,4113.989,4184.5757,89.64111328125,-89.61962890625,-160.20654296875
2024-10-10,4057.4912109375,3933.714,4106.488,4144.8228,123.777099609375,-48.99658203125,-87.33154296875
2024-10-11,4057.4912109375,3929.0193,4108.944,4090.2095,128.471923828125,-51.45263671875,-32.71826171875
2024-10-14,4074.05224609375,3930.3733,4071.52,4085.2085,143.678955078125,2.5322265625,-11.15625
2024-10-15,4098.89404296875,3928.5193,4108.603,4130.695,170.374755859375,-9.708984375,-31.80078125
2024-10-16,4123.736328125,3926.7256,4109.6914,4126.695,197.0107421875,14.044921875,-2.95849609375
2024-10-17,4115.45556640625,3927.1501,4125.628,4123.634,188.305419921875,-10.17236328125,-8.17822265625
2024-10-18,4132.01611328125,3927.789,4124.0923,4132.2305,204.22705078125,7.923828125,-0.21435546875
2024-10-21,4057.4912109375,3927.6702,4155.822,4148.404,129.821044921875,-98.33056640625,-90.91259765625
2024-10-22,4024.369140625,3928.5322,4115.451,4119.612,95.8369140625,-91.08203125,-95.24267578125
2024-10-23,3991.246337890625,3916.4255,4126.893,4114.235,74.82080078125,-135.646728515625,-122.988525390625
2024-10-24,3949.843505859375,3895.3284,4081.0188,4098.16,54.51513671875,-131.17529296875,-148.316650390625
2024-10-25,3941.563232421875,3872.1545,4059.5898,4088.5698,69.40869140625,-118.026611328125,-147.006591796875
2024-10-28,3891.879638671875,3847.0461,4058.2224,4078.0225,44.83349609375,-166.3427734375,-186.142822265625
2024-10-29,3900.159912109375,3823.425,4056.7815,4090.164,76.73486328125,-156.62158203125,-190.004150390625
2024-10-30,3974.685302734375,3798.3677,4047.583,4096.5015,176.317626953125,-72.897705078125,-121.816162109375
2024-10-31,3891.879638671875,3774.9348,4047.4265,4097.811,116.94482421875,-155.546875,-205.931396484375
2024-11-01,3908.440673828125,3771.377,4049.604,4086.193,137.063720703125,-141.163330078125,-177.75244140625
2024-11-04,3900.159912109375,3764.6943,4009.8723,4057.118,135.465576171875,-109.71240234375,-156.9580078125
2024-11-05,3809.072998046875,3761.5662,3991.5286,4052.4854,47.5068359375,-182.45556640625,-243.412353515625
2024-11-06,3767.67041015625,3760.2522,3962.47,3998.983,7.418212890625,-194.799560546875,-231.3125
2024-11-07,3742.828857421875,3744.4573,3915.4636,3948.3364,-1.62841796875,-172.634765625,-205.507568359375
2024-11-08,3693.14501953125,3724.4802,3884.3428,3935.5322,-31.335205078125,-191.19775390625,-242.38720703125
2024-11-11,3726.26708984375,3702.259,3891.712,3916.2827,24.008056640625,-165.44482421875,-190.015625
2024-11-12,3792.51220703125,3670.1045,3888.2935,3912.9575,122.40771484375,-95.78125,-120.4453125
2024-11-13,3726.26708984375,3651.2476,3852.621,3928.3438,75.01953125,-126.35400390625,-202.07666015625
2024-11-14,3701.42578125,3648.5999,3801.925,3903.1382,52.825927734375,-100.499267578125,-201.71240234375
2024-11-15,3602.058837890625,3645.783,3822.0337,3889.4727,-43.72412109375,-219.974853515625,-287.413818359375
2024-11-18,3610.339111328125,3638.7383,3753.633,3786.8762,-28.399169921875,-143.2939453125,-176.537109375
2024-11-19,3585.49755859375,3615.7249,3739.6252,3760.185,-30.227294921875,-154.127685546875,-174.6875
2024-11-20,3519.25244140625,3596.2312,3712.574,3776.7393,-76.978759765625,-193.321533203125,-257.48681640625
2024-11-21,3643.46142578125,3575.3254,3664.8943,3707.3442,68.135986328125,-21.432861328125,-63.8828125
2024-11-22,3701.42578125,3548.7646,3703.1707,3776.3806,152.6611328125,-1.744873046875,-74.954833984375
2024-11-25,3643.46142578125,3542.6497,3754.276,3822.851,100.811767578125,-110.814453125,-179.3896484375
2024-11-26,3585.49755859375,3561.5613,3719.3623,3783.195,23.936279296875,-133.86474609375,-197.697509765625
2024-11-28,3519.25244140625,3574.502,3715.1929,3739.5825,-55.24951171875,-195.9404296875,-220.330078125
2024-11-29,3453.0078125,3575.4783,3604.1284,3628.3638,-122.470458984375,-151.12060546875,-175.35595703125
2024-12-02,3510.97216796875,3561.8755,3557.687,3574.6262,-50.9033203125,-46.71484375,-63.654052734375
2024-12-03,3602.058837890625,3532.2,3592.539,3615.4556,69.85888671875,9.519775390625,-13.396728515625
2024-12-04,3527.533203125,3519.5625,3646.2476,3712.4753,7.970703125,-118.71435546875,-184.942138671875
2024-12-05,3568.936279296875,3518.6753,3632.1775,3644.8645,50.260986328125,-63.2412109375,-75.92822265625
2024-12-06,3635.180908203125,3514.9556,3663.502,3703.9016,120.225341796875,-28.321044921875,-68.720703125
2024-12-09,3610.339111328125,3516.475,3677.5605,3735.6616,93.864013671875,-67.221435546875,-125.322509765625
2024-12-10,3626.900390625,3529.1577,3676.6973,3724.2756,97.74267578125,-49.796875,-97.375244140625
2024-12-11,3527.533203125,3536.5996,3682.3489,3720.0308,-9.06640625,-154.815673828125,-192.49755859375
2024-12-12,3453.0078125,3544.9578,3622.8286,3646.1702,-91.949951171875,-169.82080078125,-193.162353515625
2024-12-13,3519.25244140625,3536.2244,3564.3872,3598.3518,-16.971923828125,-45.134765625,-79.099365234375
2024-12-16,3436.44677734375,3513.1145,3595.5496,3621.3875,-76.667724609375,-159.102783203125,-184.940673828125
2024-12-17,3436.44677734375,3498.2852,3545.3193,3535.479,-61.83837890625,-108.87255859375,-99.0322265625
2024-12-18,3386.76318359375,3479.5437,3506.04,3501.9531,-92.780517578125,-119.27685546875,-115.18994140625
2024-12-19,3361.92138671875,3466.3687,3484.0166,3489.316,-104.447265625,-122.09521484375,-127.39453125
2024-12-20,3486.130126953125,3448.853,3456.3352,3452.9297,37.277099609375,29.794921875,33.200439453125
2024-12-23,3477.849609375,3430.6428,3511.7092,3536.9692,47.206787109375,-33.859619140625,-59.11962890625
2024-12-24,3507.794189453125,3435.858,3574.724,3586.2793,71.936279296875,-66.929931640625,-78.485107421875
2024-12-27,3490.68310546875,3446.657,3598.392,3619.56,44.026123046875,-107.708984375,-128.876953125
2024-12-30,3601.90576171875,3465.7834,3592.7102,3612.8354,136.122314453125,9.195556640625,-10.9296875
2025-01-02,3550.572265625,3478.9858,3649.8818,3673.6406,71.58642578125,-99.3095703125,-123.068359375
2025-01-03,3507.794189453125,3501.3298,3658.16,3657.3184,6.46435546875,-150.36572265625,-149.524169921875
2025-01-06,3447.9052734375,3517.0444,3626.2153,3640.1514,-69.13916015625,-178.31005859375,-192.24609375
2025-01-07,3490.68310546875,3522.054,3553.0793,3560.0933,-31.370849609375,-62.396240234375,-69.41015625
2025-01-08,3447.9052734375,3511.0996,3571.5242,3573.6868,-63.1943359375,-123.618896484375,-125.781494140625
2025-01-09,3430.7939453125,3503.2542,3516.8352,3547.3582,-72.460205078125,-86.041259765625,-116.564208984375
2025-01-10,3293.904296875,3489.5579,3517.5037,3520.411,-195.653564453125,-223.599365234375,-226.506591796875
2025-01-13,3251.12646484375,3474.8154,3406.1614,3376.0337,-223.68896484375,-155.034912109375,-124.9072265625
2025-01-14,3499.23876953125,3436.286,3330.204,3298.035,62.952880859375,169.03466796875,201.203857421875
2025-01-15,3559.1279296875,3393.0984,3467.367,3460.0098,166.029541015625,91.760986328125,99.1181640625
2025-01-16,3499.23876953125,3389.4727,3603.3936,3613.8328,109.76611328125,-104.15478515625,-114.593994140625
2025-01-17,3610.461669921875,3427.981,3597.2952,3593.2012,182.480712890625,13.16650390625,17.260498046875
2025-01-20,3644.68359375,3461.2783,3653.164,3649.5625,183.4052734375,-8.48046875,-4.87890625
2025-01-21,3644.68359375,3506.0066,3682.4436,3674.9387,138.677001953125,-37.760009765625,-30.255126953125
2025-01-22,3678.90625,3551.1118,3669.723,3653.308,127.79443359375,9.183349609375,25.59814453125
2025-01-23,3584.794677734375,3586.2969,3689.0015,3686.579,-1.502197265625,-104.206787109375,-101.784423828125
2025-01-24,3524.905517578125,3615.888,3666.8948,3672.3403,-90.982421875,-141.9892578125,-147.434814453125
2025-01-30,3610.461669921875,3619.9626,3627.367,3616.9873,-9.5009765625,-16.9052734375,-6.525634765625
2025-01-31,3636.12841796875,3606.429,3658.1328,3652.9163,29.699462890625,-22.00439453125,-16.787841796875
2025-02-03,3644.68359375,3601.5083,3642.5598,3635.737,43.17529296875,2.123779296875,8.946533203125
2025-02-04,3542.016845703125,3600.2136,3629.8557,3650.8225,-58.19677734375,-87.8388671875,-108.8056640625
2025-02-05,3396.571533203125,3604.52,3603.2656,3608.7366,-207.948486328125,-206.694091796875,-212.1650390625
2025-02-06,3447.9052734375,3596.1243,3484.5542,3452.4011,-148.218994140625,-36.64892578125,-4.495849609375
2025-02-07,3396.571533203125,3559.3193,3451.856,3458.4539,-162.747802734375,-55.284423828125,-61.88232421875
2025-02-10,3430.7939453125,3535.583,3446.9492,3440.662,-104.7890625,-16.1552734375,-9.8681640625
2025-02-11,3447.9052734375,3511.8477,3452.162,3442.1196,-63.9423828125,-4.2568359375,5.78564453125
2025-02-12,3413.682861328125,3495.092,3461.0457,3467.6553,-81.4091796875,-47.36279296875,-53.972412109375
2025-02-13,3302.460205078125,3490.1252,3468.1548,3466.5,-187.6650390625,-165.694580078125,-164.039794921875
2025-02-14,3447.9052734375,3491.5032,3414.9595,3385.0447,-43.597900390625,32.94580078125,62.860595703125
2025-02-17,3550.572265625,3475.331,3449.0671,3451.1719,75.2412109375,101.505126953125,99.400390625
2025-02-18,3439.349365234375,3476.585,3606.9421,3580.0447,-37.235595703125,-167.5927734375,-140.6953125
2025-02-19,3345.238037109375,3499.111,3533.6128,3514.5356,-153.873046875,-188.374755859375,-169.297607421875
2025-02-20,3328.126708984375,3509.484,3427.9736,3437.4138,-181.357177734375,-99.846923828125,-109.287109375
2025-02-21,3353.793701171875,3503.496,3390.1335,3365.07,-149.702392578125,-36.33984375,-11.2763671875
2025-02-24,3251.12646484375,3492.498,3426.5393,3413.4436,-241.37158203125,-175.412841796875,-162.317138671875
2025-02-25,3268.237548828125,3480.5647,3353.3044,3316.8562,-212.3271484375,-85.06689453125,-48.61865234375
2025-02-26,3105.681396484375,3450.215,3311.317,3280.0713,-344.53369140625,-205.635498046875,-174.389892578125
2025-02-27,2874.68017578125,3423.078,3187.4155,3175.5654,-548.397705078125,-312.7353515625,-300.88525390625
2025-02-28,3139.90380859375,3372.6987,2821.6147,2828.7285,-232.794921875,318.2890625,311.17529296875
2025-03-03,3139.90380859375,3291.2283,3114.1816,3101.396,-151.324462890625,25.72216796875,38.5078125
2025-03-04,3285.3486328125,3257.9756,3135.1406,3136.4104,27.373046875,150.2080078125,148.938232421875
2025-03-05,3379.460205078125,3255.4219,3255.3123,3259.3315,124.038330078125,124.14794921875,120.128662109375
2025-03-06,3259.682373046875,3282.3103,3366.838,3354.4556,-22.6279296875,-107.155517578125,-94.773193359375
2025-03-07,3216.904052734375,3335.2798,3331.8062,3309.4646,-118.375732421875,-114.902099609375,-92.560546875
2025-03-10,3242.57080078125,3368.6519,3257.8354,3259.2637,-126.0810546875,-15.2646484375,-16.69287109375
2025-03-11,3328.126708984375,3380.456,3260.716,3273.789,-52.329345703125,67.41064453125,54.337646484375
2025-03-12,3251.12646484375,3375.7654,3336.3381,3336.8489,-124.638916015625,-85.211669921875,-85.722412109375
2025-03-13,3208.3486328125,3380.951,3335.8555,3335.2808,-172.602294921875,-127.5068359375,-126.93212890625
2025-03-14,3276.793212890625,3375.8982,3262.5073,3257.8948,-99.10498046875,14.285888671875,18.8984375
2025-03-17,3148.459228515625,3367.105,3251.5205,3268.393,-218.645751953125,-103.061279296875,-119.933837890625
2025-03-18,3174.1259765625,3362.7383,3181.6287,3197.5762,-188.6123046875,-7.502685546875,-23.4501953125
2025-03-19,3131.347900390625,3319.7637,3160.1777,3190.2388,-188.415771484375,-28.829833984375,-58.890869140625
2025-03-20,3165.570556640625,3302.7004,3136.5654,3175.4675,-137.1298828125,29.005126953125,-9.89697265625
2025-03-21,3088.570068359375,3288.5654,3125.7556,3127.8098,-199.995361328125,-37.185546875,-39.23974609375
2025-03-24,3251.12646484375,3277.8062,3124.7249,3119.7815,-26.6796875,126.401611328125,131.344970703125
2025-03-25,3422.23828125,3254.7432,3213.13,3247.7856,167.4951171875,209.1083984375,174.45263671875
2025-03-26,3465.016357421875,3268.0576,3360.3638,3354.7983,196.958740234375,104.652587890625,110.218017578125
2025-03-27,3114.237060546875,3317.487,3411.6355,3425.2117,-203.25,-297.3984375,-310.974609375
2025-04-08,3105.681396484375,3379.288,3116.0981,3159.8562,-273.606689453125,-10.416748046875,-54.1748046875
2025-04-09,3251.12646484375,3350.5166,3134.78,3152.1565,-99.39013671875,116.346435546875,98.969970703125
2025-04-10,3285.88623046875,3330.037,3270.7588,3267.6914,-44.15087890625,15.12744140625,18.19482421875
2025-04-11,3340.198486328125,3344.1387,3288.677,3292.3733,-3.940185546875,51.521484375,47.8251953125
2025-04-14,3340.198486328125,3367.3389,3329.2573,3345.8225,-27.140380859375,10.941162109375,-5.6240234375
2025-04-15,3303.990234375,3393.7534,3364.4536,3367.1494,-89.76318359375,-60.46337890625,-63.1591796875
2025-04-16,3294.9384765625,3420.5027,3339.9072,3333.9172,-125.564208984375,-44.96875,-38.978759765625
2025-04-17,3276.834228515625,3433.0798,3340.2727,3330.7578,-156.24560546875,-63.4384765625,-53.923583984375
2025-04-21,3285.88623046875,3438.191,3308.8582,3311.5564,-152.3046875,-22.971923828125,-25.670166015625
2025-04-22,3403.5625,3429.4885,3325.2166,3332.9426,-25.926025390625,78.345947265625,70.619873046875
2025-04-23,3376.406494140625,3421.499,3414.5059,3418.6042,-45.092529296875,-38.099365234375,-42.19775390625
2025-04-24,3385.45849609375,3429.076,3424.2395,3445.3994,-43.617431640625,-38.781005859375,-59.94091796875
2025-04-25,3475.978759765625,3442.603,3449.9106,3431.6858,33.375732421875,26.068115234375,44.29296875
2025-04-28,3485.03076171875,3463.328,3483.1565,3493.8828,21.702880859375,1.874267578125,-8.85205078125
2025-04-29,3485.03076171875,3493.9858,3516.9744,3509.439,-8.955078125,-31.943603515625,-24.408203125
2025-04-30,3512.18701171875,3523.3896,3488.7705,3498.055,-11.20263671875,23.41650390625,14.132080078125
2025-05-02,3494.0830078125,3540.6367,3542.4614,3546.2275,-46.5537109375,-48.37841796875,-52.14453125
2025-05-05,3512.18701171875,3561.9763,3536.7847,3549.6777,-49.789306640625,-24.59765625,-37.49072265625
2025-05-06,3539.343017578125,3575.725,3542.6929,3547.0103,-36.382080078125,-3.349853515625,-7.667236328125
2025-05-07,3430.71875,3582.1814,3565.1877,3578.3486,-151.462646484375,-134.468994140625,-147.6298828125
2025-05-08,3475.978759765625,3590.3784,3510.0254,3478.62,-114.399658203125,-34.046630859375,-2.641357421875
2025-05-09,3702.279541015625,3572.7676,3484.3462,3497.6448,129.511962890625,217.933349609375,204.634765625
2025-05-14,3865.216064453125,3563.9316,3634.6658,3572.1653,301.284423828125,230.55029296875,293.05078125
2025-05-15,3847.112060546875,3593.6008,3676.296,3718.7117,253.51123046875,170.816162109375,128.400390625
2025-05-16,3829.0078125,3645.1802,3721.7183,3764.213,183.82763671875,107.28955078125,64.794921875
2025-05-19,3810.90380859375,3694.4648,3745.2175,3772.143,116.43896484375,65.686279296875,38.7607421875
2025-05-20,3856.163818359375,3738.5454,3711.8652,3709.6663,117.618408203125,144.298583984375,146.49755859375
2025-05-21,3892.3720703125,3766.8608,3768.0386,3771.1523,125.51123046875,124.33349609375,121.2197265625
2025-05-22,3937.63232421875,3790.0376,3793.0237,3801.164,147.5947265625,144.608642578125,136.46826171875
2025-05-23,3910.476318359375,3811.9841,3810.0308,3835.226,98.4921875,100.445556640625,75.250244140625
2025-05-26,3955.736083984375,3837.7349,3845.4958,3854.126,118.001220703125,110.240234375,101.610107421875
2025-05-27,4028.15234375,3850.3708,3848.3618,3871.0764,177.781494140625,179.79052734375,157.075927734375
2025-05-28,3801.851806640625,3862.5974,3921.1519,3894.9175,-60.74560546875,-119.300048828125,-93.065673828125
2025-06-02,3801.851806640625,3879.0198,3919.9963,3854.672,-77.16796875,-118.14453125,-52.8203125
2025-06-03,3693.2275390625,3858.9668,3853.6638,3842.2153,-165.7392578125,-160.436279296875,-148.98779296875
2025-06-04,3711.33154296875,3840.3743,3848.8962,3835.253,-129.042724609375,-137.564697265625,-123.92138671875
2025-06-05,3756.591796875,3812.759,3828.139,3784.3184,-56.167236328125,-71.547119140625,-27.7265625
2025-06-10,3684.175537109375,3792.7031,3754.2214,3763.3792,-108.527587890625,-70.0458984375,-79.20361328125
2025-06-11,3684.175537109375,3785.1025,3757.5894,3720.3582,-100.927001953125,-73.413818359375,-36.1826171875
2025-06-12,3620.811279296875,3773.0796,3759.0342,3741.732,-152.268310546875,-138.222900390625,-120.920654296875
2025-06-13,3611.75927734375,3764.1216,3701.9397,3744.7063,-152.3623046875,-90.180419921875,-132.947021484375
2025-06-16,3584.603271484375,3747.515,3683.1177,3718.585,-162.91162109375,-98.514404296875,-133.981689453125
2025-06-17,3566.499267578125,3730.0457,3616.82,3611.5469,-163.54638671875,-50.32080078125,-45.047607421875
2025-06-18,3439.770751953125,3710.46,3658.9414,3652.373,-270.689208984375,-219.170654296875,-212.602294921875
2025-06-19,3430.71875,3688.8074,3559.6792,3569.3267,-258.088623046875,-128.96044921875,-138.60791015625
2025-06-20,3367.3544921875,3649.58,3473.4055,3499.8623,-282.2255859375,-106.051025390625,-132.5078125
2025-06-23,3421.666748046875,3611.4783,3503.1494,3514.7417,-189.8115234375,-81.482666015625,-93.074951171875
2025-06-24,3403.5625,3568.8765,3532.9033,3546.9583,-165.31396484375,-129.3408203125,-143.395751953125
2025-06-25,3466.9267578125,3548.537,3485.75,3506.0464,-81.6103515625,-18.8232421875,-39.11962890625
2025-06-26,3385.45849609375,3532.927,3448.8042,3501.1995,-147.468505859375,-63.345703125,-115.740966796875
2025-06-30,3349.25048828125,3533.0037,3467.8335,3513.622,-183.753173828125,-118.5830078125,-164.37158203125
2025-07-01,3331.146240234375,3523.0776,3413.7366,3475.2412,-191.931396484375,-82.59033203125,-144.094970703125
2025-07-02,3331.146240234375,3505.1511,3372.051,3370.344,-174.0048828125,-40.90478515625,-39.19775390625
2025-07-03,3322.094482421875,3482.42,3405.3425,3395.0076,-160.325439453125,-83.248046875,-72.9130859375
2025-07-04,3349.25048828125,3464.027,3407.6482,3400.0674,-114.776611328125,-58.397705078125,-50.81689453125
2025-07-07,3322.094482421875,3443.2644,3376.0142,3400.892,-121.169921875,-53.919677734375,-78.797607421875
2025-07-08,3331.146240234375,3429.8657,3395.3582,3390.5476,-98.719482421875,-64.2119140625,-59.4013671875
2025-07-09,3503.134765625,3414.688,3383.1975,3341.4768,88.44677734375,119.937255859375,161.657958984375
2025-07-10,3512.18701171875,3401.1138,3469.0212,3464.3499,111.0732421875,43.165771484375,47.837158203125
2025-07-11,3421.666748046875,3413.7043,3592.6028,3597.3804,7.96240234375,-170.93603515625,-175.713623046875
2025-07-14,3512.18701171875,3449.3997,3488.7886,3490.8816,62.787353515625,23.3984375,21.305419921875
2025-07-15,3512.18701171875,3461.314,3536.0784,3531.8584,50.873046875,-23.891357421875,-19.67138671875
2025-07-16,3521.239013671875,3482.178,3557.118,3589.7322,39.06103515625,-35.87890625,-68.4931640625
2025-07-17,3494.0830078125,3505.4229,3561.0361,3574.2026,-11.33984375,-66.953125,-80.11962890625
2025-07-18,3466.9267578125,3524.8384,3544.9038,3553.9395,-57.91162109375,-77.97705078125,-87.0126953125
2025-07-21,3475.978759765625,3531.4888,3530.9685,3528.3738,-55.510009765625,-54.98974609375,-52.39501953125
2025-07-22,3439.770751953125,3527.481,3521.3613,3513.546,-87.710205078125,-81.590576171875,-73.775146484375
2025-07-23,3575.551025390625,3521.9993,3485.2473,3500.4163,53.5517578125,90.3037109375,75.134765625
2025-07-24,3512.18701171875,3506.6204,3614.6406,3605.8315,5.566650390625,-102.45361328125,-93.64453125
2025-07-25,3566.499267578125,3510.5527,3586.3135,3583.2102,55.946533203125,-19.814208984375,-16.7109375
2025-07-28,3548.395263671875,3512.551,3631.108,3620.5325,35.84423828125,-82.712646484375,-72.13720703125
2025-07-29,3421.666748046875,3530.5273,3607.918,3599.3838,-108.860595703125,-186.251220703125,-177.717041015625
2025-07-30,3358.302490234375,3543.714,3524.7761,3499.534,-185.41162109375,-166.4736328125,-141.2314453125
2025-07-31,3385.45849609375,3526.5508,3461.5498,3439.66,-141.09228515625,-76.09130859375,-54.201416015625
2025-08-01,3358.302490234375,3496.6577,3491.7324,3478.6719,-138.355224609375,-133.429931640625,-120.369384765625
2025-08-04,3385.45849609375,3479.3154,3461.9224,3429.1648,-93.85693359375,-76.4638671875,-43.706298828125
2025-08-05,3358.302490234375,3459.4287,3495.719,3475.5615,-101.126220703125,-137.41650390625,-117.259033203125
2025-08-06,3358.302490234375,3446.482,3434.4236,3451.1938,-88.179443359375,-76.12109375,-92.891357421875
2025-08-07,3349.25048828125,3438.112,3436.8938,3448.688,-88.861572265625,-87.643310546875,-99.4375
2025-08-08,3448.822998046875,3432.4756,3425.9531,3442.0015,16.347412109375,22.869873046875,6.821533203125
2025-08-11,3666.071533203125,3427.6072,3446.3867,3487.4468,238.46435546875,219.684814453125,178.624755859375
2025-08-12,3693.2275390625,3439.1594,3641.2522,3647.6619,254.068115234375,51.975341796875,45.565673828125
2025-08-13,3675.123291015625,3480.5815,3659.5405,3684.3345,194.541748046875,15.582763671875,-9.211181640625
2025-08-14,3729.435546875,3538.4575,3655.342,3684.22,190.97802734375,74.093505859375,45.215576171875
2025-08-15,3657.019287109375,3592.0771,3676.5874,3711.56,64.942138671875,-19.568115234375,-54.540771484375
2025-08-19,3756.591796875,3641.0486,3635.5947,3673.8145,115.543212890625,120.9970703125,82.77734375
2025-08-20,3756.591796875,3661.7375,3668.5693,3703.2173,94.854248046875,88.0224609375,53.37451171875
2025-08-21,3711.33154296875,3680.797,3643.2573,3702.766,30.534423828125,68.07421875,8.5654296875
2025-08-22,3810.90380859375,3696.3557,3656.1763,3717.0002,114.548095703125,154.7275390625,93.903564453125
2025-08-25,3774.695556640625,3701.3213,3658.5312,3714.5088,73.374267578125,116.164306640625,60.186767578125
2025-08-26,3738.48779296875,3716.5854,3706.4678,3745.3303,21.90234375,32.02001953125,-6.842529296875
2025-08-27,3747.539794921875,3727.4722,3684.7332,3716.386,20.067626953125,62.806640625,31.15380859375
2025-08-28,3666.071533203125,3723.6086,3711.099,3733.9604,-57.537109375,-45.027587890625,-67.888916015625
2025-08-29,3602.707275390625,3723.2266,3784.556,3737.4995,-120.519287109375,-181.8486328125,-134.792236328125
2025-09-01,3584.603271484375,3707.6482,3715.5693,3708.283,-123.044921875,-130.966064453125,-123.6796875
2025-09-02,3647.967529296875,3673.2268,3730.098,3712.6504,-25.25927734375,-82.13037109375,-64.682861328125
2025-09-03,3620.811279296875,3649.159,3737.2927,3716.5583,-28.34765625,-116.4814453125,-95.7470703125
2025-09-04,3530.291015625,3643.425,3674.275,3682.4744,-113.134033203125,-143.98388671875,-152.183349609375
2025-09-08,3430.71875,3640.091,3639.3596,3609.8562,-209.372314453125,-208.640869140625,-179.137451171875
2025-09-09,3512.18701171875,3623.5532,3553.6208,3459.099,-111.3662109375,-41.433837890625,53.087890625
2025-09-10,3693.2275390625,3592.747,3615.2502,3572.2769,100.48046875,77.977294921875,120.95068359375
2025-09-11,3783.747802734375,3581.6338,3730.1973,3723.8381,202.114013671875,53.550537109375,59.90966796875
2025-09-12,3747.539794921875,3604.2363,3712.3508,3715.543,143.303466796875,35.18896484375,31.996826171875
2025-09-15,3738.48779296875,3648.8584,3725.0886,3773.4583,89.62939453125,13.399169921875,-34.970458984375
2025-09-16,3819.9560546875,3685.5288,3732.9924,3743.8564,134.42724609375,86.963623046875,76.099609375
2025-09-17,3847.112060546875,3711.3328,3757.8877,3799.235,135.779296875,89.224365234375,47.876953125
2025-09-18,3847.112060546875,3737.2454,3823.0222,3854.1682,109.86669921875,24.08984375,-7.05615234375
2025-09-19,3765.643798828125,3763.4263,3824.45,3883.7449,2.217529296875,-58.80615234375,-118.10107421875
2025-09-22,3747.539794921875,3779.7864,3780.2007,3828.7778,-32.24658203125,-32.660888671875,-81.238037109375
2025-09-23,3774.695556640625,3775.3167,3791.7222,3789.297,-0.62109375,-17.026611328125,-14.6015625
2025-09-24,3684.175537109375,3765.5452,3791.181,3779.775,-81.36962890625,-107.00537109375,-95.599365234375
2025-09-25,3657.019287109375,3756.9404,3840.3862,3816.7708,-99.921142578125,-183.366943359375,-159.75146484375
2025-09-26,3602.707275390625,3734.3667,3836.1516,3792.0676,-131.659423828125,-233.4443359375,-189.3603515625
2025-09-29,3530.291015625,3709.298,3749.2512,3710.6013,-179.007080078125,-218.960205078125,-180.310302734375
2025-09-30,3448.822998046875,3681.4678,3722.5889,3648.7083,-232.644775390625,-273.765869140625,-199.88525390625
2025-10-01,3358.302490234375,3649.3608,3637.5056,3566.2598,-291.058349609375,-279.203125,-207.957275390625
2025-10-02,3340.198486328125,3605.5974,3517.2178,3467.7002,-265.39892578125,-177.019287109375,-127.501708984375
2025-10-03,3313.042236328125,3558.7605,3492.9197,3436.5867,-245.71826171875,-179.87744140625,-123.54443359375
2025-10-06,3358.302490234375,3517.4458,3413.9412,3332.2637,-159.143310546875,-55.638671875,26.038818359375
2025-10-07,3367.3544921875,3480.4973,3462.0771,3428.2878,-113.142822265625,-94.72265625,-60.933349609375
2025-10-08,3494.0830078125,3464.684,3432.341,3470.925,29.39892578125,61.741943359375,23.157958984375
2025-10-09,3376.406494140625,3456.628,3487.0645,3510.0137,-80.221435546875,-110.657958984375,-133.607177734375
2025-10-10,3313.042236328125,3458.3083,3453.8328,3447.6282,-145.26611328125,-140.79052734375,-134.5859375
2025-10-13,3213.469970703125,3458.8442,3443.251,3385.3704,-245.374267578125,-229.781005859375,-171.900390625
2025-10-14,3168.2099609375,3454.5513,3255.6362,3250.5134,-286.34130859375,-87.42626953125,-82.303466796875
2025-10-15,3195.365966796875,3427.8857,3226.7395,3233.9348,-232.519775390625,-31.37353515625,-38.56884765625
2025-10-16,3168.2099609375,3390.9004,3204.9739,3208.609,-222.6904296875,-36.763916015625,-40.39892578125
2025-10-17,3331.146240234375,3361.5056,3209.4028,3216.0242,-30.359375,121.743408203125,115.1220703125
2025-10-20,3403.5625,3336.7239,3287.6213,3281.4485,66.838623046875,115.941162109375,122.114013671875
2025-10-21,3349.25048828125,3339.3008,3397.3445,3401.7686,9.94970703125,-48.093994140625,-52.51806640625
2025-10-22,3457.874755859375,3373.6448,3405.4575,3413.3145,84.22998046875,52.417236328125,44.560302734375
2025-10-23,3485.03076171875,3397.1272,3424.108,3416.1897,87.903564453125,60.9228515625,68.841064453125
2025-10-24,3494.0830078125,3427.5461,3553.482,3528.515,66.536865234375,-59.39892578125,-34.431884765625
2025-10-27,3485.03076171875,3460.8447,3502.3025,3476.8232,24.18603515625,-17.271728515625,8.20751953125
2025-10-28,3521.239013671875,3480.311,3491.9197,3475.139,40.927978515625,29.3193359375,46.10009765625
2025-10-29,3539.343017578125,3496.026,3555.729,3525.3127,43.317138671875,-16.385986328125,14.0302734375
2025-10-30,3602.707275390625,3509.898,3598.3552,3569.445,92.809326171875,4.35205078125,33.26220703125
2025-10-31,3657.019287109375,3524.29,3625.5134,3589.6436,132.729248046875,31.505859375,67.375732421875
2025-11-03,3593.6552734375,3547.7205,3633.4739,3604.3193,45.934814453125,-39.818603515625,-10.6640625
2025-11-04,3602.707275390625,3582.1938,3641.0896,3608.8103,20.513427734375,-38.38232421875,-6.10302734375
2025-11-05,3620.811279296875,3598.2625,3601.472,3587.1243,22.548828125,19.33935546875,33.68701171875
2025-11-06,3602.707275390625,3604.059,3632.5464,3614.811,-1.351806640625,-29.839111328125,-12.103759765625
2025-11-07,3557.447021484375,3609.097,3594.3086,3620.3752,-51.64990234375,-36.861572265625,-62.92822265625
2025-11-10,3521.239013671875,3612.2144,3597.4133,3637.6074,-90.975341796875,-76.17431640625,-116.368408203125
2025-11-11,3530.291015625,3604.5579,3584.786,3613.5964,-74.266845703125,-54.494873046875,-83.305419921875
2025-11-12,3503.134765625,3589.3506,3600.1533,3615.754,-86.2158203125,-97.0185546875,-112.619140625
2025-11-13,3530.291015625,3580.0269,3563.7483,3582.3525,-49.73583984375,-33.457275390625,-52.0615234375
2025-11-14,3566.499267578125,3570.21,3590.255,3607.2708,-3.710693359375,-23.755615234375,-40.771484375
2025-11-17,3593.6552734375,3565.018,3625.0737,3653.233,28.63720703125,-31.41845703125,-59.57763671875
2025-11-18,3620.811279296875,3567.4006,3643.5723,3659.8252,53.41064453125,-22.760986328125,-39.013916015625
2025-11-19,3611.75927734375,3579.724,3647.4375,3656.851,32.03515625,-35.67822265625,-45.091796875
2025-11-20,3584.603271484375,3600.5337,3666.6448,3673.993,-15.930419921875,-82.04150390625,-89.3896484375
2025-11-21,3602.707275390625,3617.7856,3623.3953,3653.4678,-15.078369140625,-20.68798828125,-50.760498046875
2025-11-24,3466.9267578125,3622.436,3627.5818,3656.4543,-155.50927734375,-160.655029296875,-189.527587890625
2025-11-25,3430.71875,3627.9363,3548.8655,3530.4517,-197.217529296875,-118.146728515625,-99.73291015625
2025-11-26,3385.45849609375,3601.6719,3486.2114,3493.6052,-216.21337890625,-100.7529296875,-108.146728515625
2025-11-27,3331.146240234375,3570.1975,3450.9402,3486.587,-239.05126953125,-119.7939453125,-155.440673828125
2025-11-28,3322.094482421875,3532.7402,3401.6465,3427.572,-210.645751953125,-79.552001953125,-105.4775390625
2025-12-01,3358.302490234375,3492.0217,3365.3655,3359.5874,-133.71923828125,-7.06298828125,-1.284912109375
2025-12-02,3313.042236328125,3455.8315,3433.605,3453.2495,-142.789306640625,-120.562744140625,-140.207275390625
2025-12-03,3340.198486328125,3437.939,3383.7822,3386.7773,-97.740478515625,-43.583740234375,-46.578857421875
2025-12-04,3303.990234375,3421.5037,3378.1814,3388.7896,-117.513427734375,-74.191162109375,-84.79931640625
2025-12-05,3322.094482421875,3414.4907,3372.9631,3359.1516,-92.396240234375,-50.86865234375,-37.05712890625
2025-12-08,3331.146240234375,3405.2275,3379.634,3366.5154,-74.081298828125,-48.48779296875,-35.369140625
2025-12-09,3313.042236328125,3402.403,3381.0298,3367.6458,-89.36083984375,-67.987548828125,-54.603515625
2025-12-10,3276.834228515625,3401.49,3382.8853,3376.6787,-124.65576171875,-106.051025390625,-99.844482421875
2025-12-11,3285.88623046875,3398.1633,3352.166,3368.0579,-112.277099609375,-66.27978515625,-82.171630859375
2025-12-12,3421.666748046875,3381.455,3352.0042,3348.7969,40.211669921875,69.66259765625,72.869873046875
2025-12-15,3340.198486328125,3369.349,3419.8923,3440.0605,-29.150634765625,-79.69384765625,-99.862060546875
2025-12-16,3394.5107421875,3382.0981,3407.6409,3444.7498,12.41259765625,-13.130126953125,-50.239013671875
2025-12-17,3421.666748046875,3389.952,3439.47,3449.2988,31.71484375,-17.80322265625,-27.632080078125
2025-12-18,3412.61474609375,3407.2769,3471.4116,3498.6282,5.337890625,-58.796875,-86.013427734375
2025-12-19,3403.5625,3431.204,3472.412,3480.551,-27.6416015625,-68.849609375,-76.988525390625
2025-12-22,3412.61474609375,3451.7402,3457.5007,3484.9578,-39.12548828125,-44.885986328125,-72.343017578125
2025-12-23,3412.61474609375,3462.677,3455.6196,3486.665,-50.062255859375,-43.0048828125,-74.05029296875
2025-12-24,3421.666748046875,3466.897,3450.741,3471.94,-45.230224609375,-29.07421875,-50.273193359375
2025-12-29,3437.6337890625,3466.5212,3469.8914,3484.0586,-28.887451171875,-32.257568359375,-46.4248046875
